time,high,low,open,volumefrom,volumeto,close,conversionType,conversionSymbol
1491004800,1103.74,1067.47,1079.11,50658.36,55020078.21,1086.12,direct,
1491091200,1109.48,1074.21,1086.12,70980.71,77853933.84,1097.4,direct,
1491177600,1157.87,1095.55,1097.4,98499.3,111870807.42,1147.56,direct,
1491264000,1161.19,1122.15,1147.56,70998.95,81164094.44,1141.77,direct,
1491350400,1143.84,1110.06,1141.77,69469.37,78335573.66,1129.87,direct,
1491436800,1201.55,1130.51,1129.87,92357.58,108182158.18,1188.7,direct,
1491523200,1201.23,1173.18,1188.7,59746.57,71184485.98,1190.49,direct,
1491609600,1198.22,1166.65,1190.49,33180.63,39393003.33,1180.78,direct,
1491696000,1215.1,1173.99,1180.78,45351.08,54498333.26,1204.34,direct,
1491782400,1214.87,1194.81,1204.34,40013.05,48473680.7,1206.71,direct,
1491868800,1229.57,1195.76,1206.71,37394.78,45563707.07,1220.74,direct,
1491955200,1225.46,1207.36,1220.74,44783.23,54699396.14,1212.53,direct,
1492041600,1218.66,1150.29,1212.53,66051.93,78456422.62,1176.2,direct,
1492128000,1195.4,1162.16,1176.2,47217.49,56129576.67,1177.33,direct,
1492214400,1194.85,841.53,1177.33,28384.58,33877537.21,1176.99,direct,
1492300800,1187.97,1166.74,1176.99,18930.29,22538918.55,1176.8,direct,
1492387200,1202.97,1172.81,1176.8,46483.54,56095607.39,1194.01,direct,
1492473600,1213.88,1191.14,1194.01,52747.52,64900219.25,1206.09,direct,
1492560000,1218.21,1194.08,1206.09,43347.15,53034357.1,1215.2,direct,
1492646400,1246.64,1210.67,1215.2,55194.86,69223360.98,1238.09,direct,
1492732800,1256.97,1235.56,1238.09,41344.02,52498296.85,1249.64,direct,
1492819200,1256.97,1215.78,1249.64,43814.59,55776932.72,1240.89,direct,
1492905600,1256.23,1223.06,1240.89,42608.01,54224355.75,1249.14,direct,
1492992000,1256.36,1234.86,1249.14,38542.24,49281629.32,1248.18,direct,
1493078400,1272.62,1244.21,1248.18,43885.78,56659016.28,1264.31,direct,
1493164800,1309.2,1263.0,1264.31,58908.66,77649710.39,1286.63,direct,
1493251200,1346.79,1285.3,1286.63,61771.48,83319636.4,1332.91,direct,
1493337600,1356.15,1287.62,1332.91,77569.41,104536476.71,1329.62,direct,
1493424000,1343.69,1314.15,1329.62,40969.34,55982468.15,1336.28,direct,
1493510400,1358.94,1309.66,1336.28,40643.04,55470285.83,1351.91,direct,
1493596800,1448.68,1342.78,1351.91,100438.27,144414038.52,1415.81,direct,
1493683200,1471.14,1394.83,1415.81,70004.82,103342244.97,1445.93,direct,
1493769600,1496.39,1424.05,1445.93,81717.36,122551707.4,1485.55,direct,
1493856000,1609.84,1437.11,1485.55,136711.3,213084949.56,1516.76,direct,
1493942400,1588.11,1485.01,1516.76,120379.24,188015771.96,1507.77,direct,
1494028800,1560.42,1503.93,1507.77,59602.01,92747185.54,1545.29,direct,
1494115200,1572.89,1495.18,1545.29,71355.58,111708072.42,1554.45,direct,
1494201600,1667.67,1552.86,1554.45,107226.89,174687869.23,1664.47,direct,
1494288000,1757.39,1619.97,1664.47,127228.68,219169486.19,1697.5,direct,
1494374400,1766.18,1664.99,1697.5,89679.81,156203600.07,1752.31,direct,
1494460800,1864.76,1741.54,1752.31,109009.0,198829123.41,1819.29,direct,
1494547200,1822.51,1641.18,1819.29,109341.25,192159873.95,1686.39,direct,
1494633600,1770.5,1594.59,1686.39,75467.87,128390095.83,1763.74,direct,
1494720000,1802.75,1736.13,1763.74,40635.4,72874378.57,1772.55,direct,
1494806400,1776.65,1656.81,1772.55,80241.72,138499150.92,1708.92,direct,
1494892800,1752.55,1653.72,1708.92,75541.37,130379207.17,1729.34,direct,
1494979200,1842.83,1703.97,1729.34,94618.69,170954154.68,1801.3,direct,
1495065600,1980.49,1791.12,1801.3,73095.54,135901905.39,1880.99,direct,
1495152000,1969.7,1875.28,1880.99,98759.13,191523926.23,1962.0,direct,
1495238400,2048.45,1944.4,1962.0,89862.03,179346919.05,2040.18,direct,
1495324800,2094.94,1980.07,2040.18,78775.32,161036810.13,2044.19,direct,
1495411200,2264.76,1998.61,2044.19,174376.65,373482496.01,2124.41,direct,
1495497600,2286.3,2110.78,2124.41,114179.23,251969081.94,2272.58,direct,
1495584000,2496.98,2263.29,2272.58,149254.84,353734030.88,2445.28,direct,
1495670400,2781.76,2210.48,2445.28,248438.97,622139030.97,2307.22,direct,
1495756800,2616.52,2051.45,2306.96,191494.03,441342711.51,2244.89,direct,
1495843200,2322.37,1868.56,2244.89,222952.91,446034004.02,2052.43,direct,
1495929600,2300.52,2051.07,2052.43,125004.39,266766116.87,2189.02,direct,
1496016000,2337.35,2117.34,2189.02,92235.69,204101576.11,2278.21,direct,
1496102400,2329.26,2147.1,2278.21,120964.11,270069146.9,2192.55,direct,
1496188800,2330.62,2168.37,2192.55,117749.1,261223035.96,2303.34,direct,
1496275200,2460.84,2303.34,2303.34,122696.44,290070431.91,2412.65,direct,
1496361600,2493.97,2385.59,2412.65,83028.45,199765372.83,2492.6,direct,
1496448000,2582.77,2449.95,2492.6,70956.49,177168595.51,2545.43,direct,
1496534400,2559.79,2478.18,2545.43,59478.96,149060810.38,2524.06,direct,
1496620800,2705.38,2523.92,2524.06,86686.38,225611887.49,2704.96,direct,
1496707200,2931.24,2699.68,2704.96,192228.25,538772473.78,2870.5,direct,
1496793600,2880.95,2626.56,2870.5,122676.04,340329903.73,2691.51,direct,
1496880000,2808.41,2623.61,2691.51,95420.44,260898606.12,2798.78,direct,
1496966400,2852.07,2786.07,2798.78,67044.96,189237110.88,2811.43,direct,
1497052800,2914.19,2807.36,2811.43,86516.58,246869682.08,2900.25,direct,
1497139200,2977.86,2867.25,2900.25,83026.07,241516660.76,2973.45,direct,
1497225600,2985.06,2483.63,2973.45,217963.32,585158909.87,2656.77,direct,
1497312000,2784.77,2647.44,2656.77,116738.08,314476276.72,2712.99,direct,
1497398400,2803.72,2348.99,2712.99,174189.24,448294279.42,2467.27,direct,
1497484800,2521.6,2125.56,2467.27,262787.33,606264366.01,2442.46,direct,
1497571200,2536.42,2335.28,2442.46,117206.43,286630757.58,2508.58,direct,
1497657600,2690.71,2454.81,2508.58,95948.29,246698591.9,2655.1,direct,
1497744000,2676.04,2488.59,2655.1,92004.22,235239296.33,2539.56,direct,
1497830400,2617.75,2518.78,2539.56,81829.22,210372750.85,2616.82,direct,
1497916800,2800.48,2613.98,2616.82,111303.55,300034010.58,2754.38,direct,
1498003200,2804.41,2624.35,2754.38,116033.61,313234721.45,2677.62,direct,
1498089600,2757.32,2623.17,2677.62,78297.6,210318780.96,2722.84,direct,
1498176000,2759.66,2699.48,2722.84,56938.1,155303414.19,2710.37,direct,
1498262400,2741.56,2540.35,2710.37,86964.18,228007287.01,2590.05,direct,
1498348800,2660.66,2472.37,2590.05,86972.43,220679135.83,2541.62,direct,
1498435200,2584.75,2327.26,2541.62,165825.86,401912134.89,2446.05,direct,
1498521600,2585.06,2309.63,2446.05,159263.78,381517099.87,2583.75,direct,
1498608000,2616.95,2490.11,2583.75,110423.89,279792448.24,2577.74,direct,
1498694400,2605.86,2526.51,2577.74,75323.92,191733499.8,2558.37,direct,
1498780800,2576.28,2469.54,2558.37,73001.6,183878856.3,2480.61,direct,
1498867200,2529.62,2387.47,2480.61,66319.98,160661673.8,2424.61,direct,
1498953600,2555.34,2375.86,2424.61,67757.31,165839565.2,2536.46,direct,
1499040000,2617.48,2506.3,2536.46,83418.16,212244951.2,2572.47,direct,
1499126400,2658.73,2569.99,2572.47,80675.07,210433639.12,2617.32,direct,
1499212800,2642.74,2562.04,2617.32,89719.19,232257106.93,2627.86,direct,
1499299200,2634.84,2581.8,2627.86,60155.45,156558009.83,2614.24,direct,
1499385600,2617.48,2484.73,2614.24,90447.94,229168229.22,2513.88,direct,
1499472000,2568.73,2480.62,2513.88,54508.76,136973389.49,2564.86,direct,
1499558400,2576.73,2509.65,2564.86,39161.96,99506518.51,2511.43,direct,
1499644800,2530.34,2271.79,2511.43,123797.54,297270301.0,2344.02,direct,
1499731200,2412.75,2265.48,2344.02,146630.2,341998621.09,2324.29,direct,
1499817600,2424.82,2262.08,2324.29,109522.9,257095280.13,2403.09,direct,
1499904000,2436.66,2334.96,2403.09,88166.37,208630220.69,2362.44,direct,
1499990400,2370.53,2165.36,2362.44,114411.35,257704533.44,2234.17,direct,
1500076800,2237.13,1974.03,2234.17,155317.39,320719096.8,1975.08,direct,
1500163200,2044.41,1808.99,1975.08,189643.47,364287861.72,1914.09,direct,
1500249600,2233.83,1913.79,1914.09,176887.53,368366495.35,2233.39,direct,
1500336000,2400.74,2164.59,2233.39,202621.16,465220151.81,2320.23,direct,
1500422400,2412.38,2243.13,2320.23,154319.01,357639189.58,2282.58,direct,
1500508800,2932.81,2282.11,2282.58,310335.43,807416890.88,2866.02,direct,
1500595200,2873.96,2622.54,2866.02,193756.93,529154789.97,2675.08,direct,
1500681600,2876.71,2658.59,2675.08,121917.95,341992860.2,2836.53,direct,
1500768000,2856.67,2675.65,2836.53,108229.76,299869260.34,2756.61,direct,
1500854400,2798.89,2715.69,2756.61,83009.25,229047365.02,2763.42,direct,
1500940800,2779.08,2472.62,2763.42,205883.15,534765380.75,2582.58,direct,
1501027200,2631.73,2441.54,2582.58,135502.93,340465234.92,2559.21,direct,
1501113600,2712.92,2547.74,2559.21,103832.54,269880857.99,2691.88,direct,
1501200000,2843.78,2683.59,2691.88,138904.86,383479795.74,2806.75,direct,
1501286400,2812.13,2699.42,2806.75,84491.69,230818894.97,2733.5,direct,
1501372800,2773.06,2621.68,2733.5,82717.65,222933516.31,2766.49,direct,
1501459200,2916.3,2723.05,2766.49,91115.22,254836601.62,2883.27,direct,
1501545600,2946.02,2659.62,2883.27,123174.1,341216428.6,2746.99,direct,
1501632000,2773.8,2668.87,2746.99,81817.6,222534344.58,2720.53,direct,
1501718400,2822.88,2717.62,2720.53,68102.9,188517085.91,2809.99,direct,
1501804800,2892.67,2779.51,2809.99,68760.4,195800289.46,2878.49,direct,
1501891200,3344.01,2875.91,2878.49,159402.96,503737620.4,3262.8,direct,
1501977600,3295.07,3166.52,3262.8,60660.39,196484496.53,3232.03,direct,
1502064000,3425.13,3198.51,3232.03,88111.88,294021645.24,3401.91,direct,
1502150400,3494.87,3357.15,3401.91,106940.67,366169429.25,3429.38,direct,
1502236800,3437.15,3251.03,3429.38,97062.76,324058681.71,3348.79,direct,
1502323200,3453.84,3322.92,3348.79,71000.32,242024460.29,3425.67,direct,
1502409600,3706.48,3409.79,3425.67,97564.43,345135492.36,3654.37,direct,
1502496000,3967.26,3611.36,3654.37,123593.57,469532325.43,3871.62,direct,
1502582400,4189.42,3847.31,3871.62,158586.97,638917500.34,4062.6,direct,
1502668800,4336.71,3978.95,4062.6,128460.0,540927757.84,4327.94,direct,
1502755200,4436.48,3837.13,4327.94,211581.81,872840682.33,4161.66,direct,
1502841600,4398.06,3938.62,4161.66,112901.04,472960334.46,4387.4,direct,
1502928000,4487.5,4194.1,4387.4,127475.88,554232802.49,4278.92,direct,
1503014400,4362.73,3978.28,4278.92,144398.64,603898315.45,4105.37,direct,
1503100800,4189.68,3957.46,4105.37,113724.38,462723151.89,4150.45,direct,
1503187200,4182.29,4034.4,4150.45,70163.05,288193446.22,4066.6,direct,
1503273600,4097.25,3966.93,4066.6,90644.62,365174045.82,4005.1,direct,
1503360000,4142.68,3612.21,4005.1,169138.73,659657838.92,4089.7,direct,
1503446400,4255.62,4070.49,4089.7,96649.15,402340258.48,4141.09,direct,
1503532800,4364.11,4111.71,4141.09,72358.36,305373477.79,4318.35,direct,
1503619200,4461.71,4292.63,4318.35,82901.88,362283252.98,4364.41,direct,
1503705600,4379.28,4263.28,4364.41,46159.77,199403922.82,4352.3,direct,
1503792000,4408.18,4321.12,4352.3,42516.01,185180843.1,4345.75,direct,
1503878400,4403.13,4195.23,4345.75,75486.08,325285703.33,4390.31,direct,
1503964800,4647.83,4350.22,4390.31,100801.36,455467850.19,4597.31,direct,
1504051200,4644.06,4491.79,4597.31,68471.63,313466398.12,4583.02,direct,
1504137600,4765.07,4580.13,4583.02,72293.57,338981145.1,4735.11,direct,
1504224000,4925.23,4690.17,4735.11,102012.79,491140364.58,4921.85,direct,
1504310400,4976.52,4448.64,4921.85,160770.39,747713818.1,4573.8,direct,
1504396800,4719.78,4397.74,4573.8,102823.39,470135795.37,4612.92,direct,
1504483200,4621.01,4098.58,4612.92,170399.25,737216060.51,4267.45,direct,
1504569600,4496.67,4004.62,4267.45,158410.81,673846827.74,4409.08,direct,
1504656000,4660.04,4401.53,4409.08,110931.13,504717245.65,4618.71,direct,
1504742400,4690.55,4493.2,4618.71,70531.23,324939872.82,4635.6,direct,
1504828800,4699.59,4130.88,4635.6,180364.02,786819863.5,4326.45,direct,
1504915200,4402.15,4185.33,4326.45,77087.34,332195251.06,4335.13,direct,
1505001600,4338.08,4032.15,4335.13,108075.24,451244396.53,4245.89,direct,
1505088000,4364.42,4134.62,4245.89,88757.81,375254125.16,4217.9,direct,
1505174400,4387.76,4074.97,4217.9,107041.94,453402207.42,4158.92,direct,
1505260800,4174.58,3752.01,4158.92,186540.37,728385231.78,3870.29,direct,
1505347200,3930.69,3218.98,3870.29,317592.57,1118258889.56,3243.08,direct,
1505433600,3824.43,2979.88,3243.08,448551.92,1519153953.02,3713.76,direct,
1505520000,3893.67,3551.83,3713.76,169361.61,627559216.22,3698.92,direct,
1505606400,3796.56,3485.83,3698.92,96068.08,351250484.2,3689.61,direct,
1505692800,4122.75,3689.0,3689.61,147927.08,586938661.3,4100.28,direct,
1505779200,4120.71,3852.22,4100.28,123214.81,488897829.62,3907.96,direct,
1505865600,4053.04,3846.76,3907.96,86645.15,342438072.5,3882.16,direct,
1505952000,3912.79,3576.54,3882.16,145124.78,543570164.08,3617.27,direct,
1506038400,3753.51,3505.81,3617.27,114717.36,414612501.81,3600.83,direct,
1506124800,3813.39,3563.18,3600.83,67820.32,253370774.72,3788.02,direct,
1506211200,3790.89,3633.88,3788.02,49661.76,183852135.74,3667.52,direct,
1506297600,3971.5,3665.67,3667.52,100194.7,386674961.65,3932.83,direct,
1506384000,3982.31,3858.75,3932.83,63252.3,248481868.86,3892.7,direct,
1506470400,4232.35,3882.08,3892.7,117596.07,480358673.93,4212.2,direct,
1506556800,4274.64,4112.88,4212.2,92228.17,386909537.01,4195.65,direct,
1506643200,4237.51,4030.37,4195.65,97803.91,404599756.28,4172.79,direct,
1506729600,4383.27,4164.25,4172.79,67493.68,290796939.99,4360.62,direct,
1506816000,4412.62,4258.32,4360.62,60583.85,262485153.92,4403.09,direct,
1506902400,4477.38,4364.67,4403.09,71201.48,314621927.61,4401.32,direct,
1506988800,4435.99,4230.73,4401.32,81867.3,353046057.47,4314.18,direct,
1507075200,4355.29,4183.57,4314.18,64081.96,272424730.47,4218.66,direct,
1507161600,4365.76,4143.35,4218.66,63613.2,271914958.4,4321.44,direct,
1507248000,4422.15,4296.93,4321.44,61692.93,269878225.69,4371.94,direct,
1507334400,4472.92,4319.48,4371.94,40202.08,176332039.12,4435.81,direct,
1507420800,4622.87,4419.36,4435.81,71366.95,323063950.84,4611.7,direct,
1507507200,4875.38,4556.15,4611.7,110191.77,518586828.49,4777.49,direct,
1507593600,4930.0,4722.81,4777.49,98485.0,475717720.64,4763.36,direct,
1507680000,4874.89,4718.6,4763.36,70482.75,338533507.33,4824.2,direct,
1507766400,5432.63,4814.98,4824.2,163916.09,848641969.34,5432.62,direct,
1507852800,5852.78,5391.97,5432.62,215018.92,1211469140.96,5637.26,direct,
1507939200,5839.62,5568.86,5637.26,76224.35,434406119.95,5824.71,direct,
1508025600,5862.69,5448.22,5824.71,101636.95,571166215.25,5688.14,direct,
1508112000,5795.33,5576.1,5677.35,61358.95,349154669.33,5759.33,direct,
1508198400,5773.32,5521.09,5759.25,65637.43,368658284.35,5598.58,direct,
1508284800,5601.3,5114.87,5598.58,122020.31,654722509.03,5575.83,direct,
1508371200,5737.41,5517.62,5576.71,83056.09,469774559.06,5698.65,direct,
1508457600,6075.32,5611.39,5698.62,123860.51,729487923.01,5993.11,direct,
1508544000,6187.2,5874.54,5993.11,112943.89,684989667.22,6006.65,direct,
1508630400,6070.56,5722.98,6006.65,105030.93,618893096.8,5982.86,direct,
1508716800,6048.98,5644.22,5982.86,137140.4,801148315.46,5903.61,direct,
1508803200,5904.63,5463.41,5903.61,143735.81,811951129.66,5513.08,direct,
1508889600,5747.96,5375.64,5513.08,105839.48,585738379.88,5734.0,direct,
1508976000,5970.4,5689.92,5734.0,93675.55,547664553.57,5887.61,direct,
1509062400,5997.83,5692.32,5887.62,83933.5,488283724.04,5764.56,direct,
1509148800,5871.04,5654.8,5764.56,53232.17,305611140.99,5726.61,direct,
1509235200,6295.43,5679.37,5726.61,163055.75,966990808.93,6147.52,direct,
1509321600,6226.18,6018.97,6147.7,78624.31,481600502.95,6124.28,direct,
1509408000,6467.2,6090.83,6124.28,101249.62,637838767.02,6451.24,direct,
1509494400,6738.74,6355.0,6449.1,133191.93,869798619.79,6737.78,direct,
1509580800,7339.91,6737.77,6737.78,238796.19,1663170039.86,7024.81,direct,
1509667200,7445.62,6938.93,7024.81,154886.75,1120978013.29,7152.12,direct,
1509753600,7492.24,6957.84,7146.98,106602.67,773371754.85,7363.8,direct,
1509840000,7599.44,7284.33,7363.8,105727.2,789287755.18,7389.55,direct,
1509926400,7429.7,6934.73,7389.55,159688.48,1148125488.89,6959.23,direct,
1510012800,7222.37,6957.8,6959.27,101044.57,716798409.14,7102.75,direct,
1510099200,7869.1,7026.97,7102.23,220224.38,1632547465.88,7444.36,direct,
1510185600,7457.12,7040.83,7444.36,126769.9,915963933.06,7129.59,direct,
1510272000,7318.97,6406.05,7129.59,222001.18,1513421266.51,6565.8,direct,
1510358400,6821.5,6197.87,6565.8,135719.07,878096915.35,6339.86,direct,
1510444800,6490.53,5493.64,6339.87,269832.87,1629165385.9,5878.13,direct,
1510531200,6760.15,5828.34,5878.09,178340.89,1135256036.03,6522.45,direct,
1510617600,6728.59,6419.18,6522.45,96502.09,634604991.54,6597.06,direct,
1510704000,7330.06,6596.94,6597.06,131120.23,922959468.47,7283.22,direct,
1510790400,7964.64,7119.17,7283.02,133937.8,1010130763.21,7853.68,direct,
1510876800,8000.19,7534.7,7853.68,117347.03,917599923.24,7699.95,direct,
1510963200,7857.52,7458.9,7699.95,74382.12,571121111.0,7780.91,direct,
1511049600,8100.87,7675.41,7781.02,68618.85,541391321.61,8042.64,direct,
1511136000,8294.12,7947.28,8042.64,75703.64,617354329.03,8244.69,direct,
1511222400,8368.36,7819.06,8245.87,115454.28,938345413.24,8099.97,direct,
1511308800,8304.37,8091.63,8099.92,65811.68,539697375.37,8234.55,direct,
1511395200,8266.55,8012.35,8234.5,68010.7,555465146.26,8013.41,direct,
1511481600,8332.94,7900.17,8013.38,72994.63,595710405.8,8200.8,direct,
1511568000,8761.98,8153.7,8203.45,84670.41,718483679.6,8754.69,direct,
1511654400,9474.62,8746.56,8754.62,85891.98,782499976.71,9318.42,direct,
1511740800,9733.61,9316.84,9318.42,106902.79,1025175619.87,9733.2,direct,
1511827200,9969.58,9638.2,9732.63,87754.89,865328615.73,9906.04,direct,
1511913600,11417.84,8938.7,9906.04,233325.32,2418792360.6,9837.86,direct,
1512000000,10689.06,9023.77,9848.05,187008.87,1836210107.31,9946.76,direct,
1512086400,10942.8,9420.93,9947.08,131918.85,1353669597.43,10861.47,direct,
1512172800,11175.23,10715.55,10861.47,86825.51,950474241.58,10912.73,direct,
1512259200,11851.09,10578.43,10912.72,122125.7,1380012064.12,11246.21,direct,
1512345600,11624.63,10917.81,11244.2,93173.9,1057859226.18,11623.91,direct,
1512432000,11901.87,11486.13,11624.37,89687.21,1048839303.8,11667.13,direct,
1512518400,13843.2,11661.76,11667.13,191576.66,2437037791.81,13749.57,direct,
1512604800,16879.26,13401.61,13750.09,297108.66,4510225316.19,16850.31,direct,
1512691200,17294.85,13906.1,16867.98,286762.02,4546014731.58,16047.61,direct,
1512777600,16313.18,13151.47,16048.18,181979.81,2699876215.33,14843.42,direct,
1512864000,15783.2,13031.0,14839.98,201620.09,2904037859.64,15059.6,direct,
1512950400,17399.18,15024.56,15060.45,159724.56,2634267594.52,16732.47,direct,
1513036800,17560.65,16254.53,16733.29,132846.57,2246138895.89,17083.9,direct,
1513123200,17267.96,15669.86,17083.9,155407.35,2576055941.69,16286.82,direct,
1513209600,16941.08,16023.64,16286.82,107918.03,1773813863.46,16467.91,direct,
1513296000,17987.03,16442.2,16467.91,153651.15,2682351213.91,17604.85,direct,
1513382400,19587.7,17318.54,17594.08,112173.97,2078806368.79,19345.49,direct,
1513468800,19870.62,18750.91,19346.6,117408.38,2264650369.71,19065.71,direct,
1513555200,19221.1,18114.42,19065.71,139251.39,2597510049.89,18972.32,direct,
1513641600,19021.97,16812.8,18971.19,174543.37,3136709262.09,17523.7,direct,
1513728000,17813.6,15642.69,17521.73,227676.13,3791752510.78,16461.97,direct,
1513814400,17301.83,14952.98,16461.09,163735.02,2619295475.76,15632.12,direct,
1513900800,15823.72,10875.71,15632.12,466980.6,6245731508.4,13664.97,direct,
1513987200,15493.23,13356.07,13664.97,170169.39,2491903154.48,14396.46,direct,
1514073600,14413.72,12166.45,14396.63,182417.29,2428437693.16,13789.95,direct,
1514160000,14467.43,13010.71,13789.95,107475.98,1487888106.52,13833.49,direct,
1514246400,16094.67,13748.49,13830.19,143135.26,2198577125.17,15756.56,direct,
1514332800,16514.59,14534.66,15757.02,138705.28,2162831128.76,15416.64,direct,
1514419200,15505.51,13466.07,15416.34,170366.63,2425912717.56,14398.7,direct,
1514505600,15109.81,13951.08,14398.45,118874.63,1733583750.2,14392.57,direct,
1514592000,14461.46,11962.09,14392.14,182065.44,2387311023.42,12531.52,direct,
1514678400,14241.82,12359.43,12532.38,111270.55,1492142483.58,13850.4,direct,
1514764800,13921.53,12877.67,13850.49,78425.21,1057521524.42,13444.88,direct,
1514851200,15306.13,12934.16,13444.88,137732.17,1956783037.35,14754.13,direct,
1514937600,15435.01,14579.71,14754.09,106543.39,1604206990.04,15156.62,direct,
1515024000,15408.66,14244.67,15156.49,110968.82,1656714736.62,15180.08,direct,
1515110400,17126.95,14832.36,15180.08,141960.42,2283988962.92,16954.78,direct,
1515196800,17252.85,16286.57,16954.76,83927.99,1412703790.73,17172.3,direct,
1515283200,17184.81,15791.13,17174.5,79006.37,1309532650.11,16228.16,direct,
1515369600,16302.92,13902.31,16228.26,142453.96,2166366561.33,14976.17,direct,
1515456000,15390.28,14221.55,14976.17,99730.65,1486802326.34,14468.5,direct,
1515542400,14919.49,13450.54,14468.09,142303.9,2025083791.13,14919.49,direct,
1515628800,14979.96,12825.95,14920.36,173452.27,2373494121.74,13308.06,direct,
1515715200,14129.08,12851.91,13308.06,102068.02,1402292716.89,13841.19,direct,
1515801600,14595.04,13830.28,13841.19,71300.93,1021352776.21,14243.12,direct,
1515888000,14415.67,13031.91,14244.12,81536.0,1112590573.36,13638.63,direct,
1515974400,14355.82,13416.71,13638.63,84089.84,1170462750.59,13631.98,direct,
1516060800,13648.84,10032.69,13634.6,325702.79,3842651741.45,11282.49,direct,
1516147200,11736.3,9205.38,11282.49,348631.94,3666978316.26,11162.7,direct,
1516233600,12018.43,10642.33,11162.7,204918.02,2357251805.09,11175.52,direct,
1516320000,11780.49,10867.18,11175.52,110885.87,1264875700.45,11521.76,direct,
1516406400,13031.04,11502.11,11521.82,119084.84,1492721765.44,12783.94,direct,
1516492800,12787.35,11101.73,12783.54,130427.64,1552755289.93,11549.93,direct,
1516579200,11913.74,10067.76,11549.98,165723.08,1811992345.95,10814.52,direct,
1516665600,11388.52,9980.5,10814.52,158868.59,1710180828.64,10858.23,direct,
1516752000,11531.6,10506.55,10853.78,115804.82,1286435482.05,11429.02,direct,
1516838400,11741.92,10930.34,11428.11,93317.76,1061064251.44,11175.87,direct,
1516924800,11656.54,10346.86,11175.87,142350.84,1560135332.27,11104.2,direct,
1517011200,11638.69,10879.2,11104.34,90873.81,1031091633.68,11459.71,direct,
1517097600,12064.19,11407.94,11460.39,87917.22,1038153169.8,11767.74,direct,
1517184000,11860.29,11089.52,11767.74,80713.7,920836244.04,11233.95,direct,
1517270400,11263.7,9871.21,11234.32,164072.93,1720894077.2,10107.26,direct,
1517356800,10377.96,9698.13,10107.4,122260.49,1230902973.11,10226.86,direct,
1517443200,10280.84,8726.95,10226.86,208918.8,1964308989.29,9114.72,direct,
1517529600,9147.93,7786.2,9114.73,322596.22,2768759876.15,8870.82,direct,
1517616000,9504.37,8194.68,8872.87,139226.07,1253484523.4,9251.27,direct,
1517702400,9400.99,7889.83,9251.27,164609.06,1413207410.82,8218.05,direct,
1517788800,8391.29,6627.31,8218.05,341828.54,2534149181.03,6937.08,direct,
1517875200,7932.38,5968.36,6936.43,495883.24,3397596513.74,7701.25,direct,
1517961600,8572.68,7208.86,7701.25,271450.37,2159765331.36,7592.72,direct,
1518048000,8643.94,7590.48,7593.78,193040.33,1594673973.51,8260.69,direct,
1518134400,8743.2,7775.36,8259.26,162279.68,1348072086.15,8696.83,direct,
1518220800,9081.49,8176.25,8696.83,155616.78,1348923336.33,8569.29,direct,
1518307200,8573.35,7862.31,8569.32,123293.84,1013771945.88,8084.61,direct,
1518393600,8997.34,8084.41,8084.61,124923.98,1085921871.17,8911.27,direct,
1518480000,8955.15,8379.35,8911.17,98632.88,853320352.71,8544.69,direct,
1518566400,9508.22,8542.98,8544.69,133702.54,1220863360.18,9485.64,direct,
1518652800,10223.58,9363.38,9485.64,168776.78,1666668487.88,10033.75,direct,
1518739200,10303.14,9720.38,10033.75,105556.67,1061827697.26,10188.73,direct,
1518825600,11119.45,10074.07,10188.73,123660.48,1327921168.02,11097.21,direct,
1518912000,11288.34,10161.01,11097.21,154431.22,1659704217.34,10417.23,direct,
1518998400,11265.96,10336.32,10418.12,108244.29,1186535653.61,11182.28,direct,
1519084800,11802.23,11130.95,11182.28,142449.23,1640343867.77,11256.43,direct,
1519171200,11295.58,10256.21,11256.78,183274.25,1982721124.63,10481.66,direct,
1519257600,10941.57,9757.19,10481.66,175506.26,1795951829.82,9847.96,direct,
1519344000,10420.67,9604.0,9847.96,139373.76,1399448203.16,10175.51,direct,
1519430400,10528.0,9396.54,10175.51,125269.68,1244484468.57,9705.73,direct,
1519516800,9873.79,9329.44,9705.73,82430.45,793093192.66,9610.11,direct,
1519603200,10457.51,9411.82,9610.11,117416.47,1181729273.47,10326.5,direct,
1519689600,10879.38,10154.24,10326.5,99772.39,1060840699.02,10594.76,direct,
1519776000,11067.76,10303.14,10594.76,105434.79,1126074675.67,10334.44,direct,
1519862400,11090.3,10247.56,10334.44,88432.44,952472120.03,10929.37,direct,
1519948800,11191.94,10801.45,10929.37,77195.49,852908489.64,11043.12,direct,
1520035200,11530.66,11043.12,11043.12,71279.36,812200126.22,11465.36,direct,
1520121600,11539.79,11084.01,11465.36,61016.39,690727335.55,11504.42,direct,
1520208000,11694.15,11431.55,11503.94,68323.51,791471905.1,11440.73,direct,
1520294400,11441.65,10589.28,11440.33,109876.55,1210081181.36,10735.45,direct,
1520380800,10913.7,9470.73,10735.45,183060.08,1858869115.0,9928.56,direct,
1520467200,10119.21,9086.85,9928.56,154879.22,1492236089.97,9316.72,direct,
1520553600,9433.38,8393.45,9316.77,233598.15,2081621422.7,9252.76,direct,
1520640000,9518.62,8727.43,9252.76,117409.38,1084925795.69,8797.27,direct,
1520726400,9735.64,8484.32,8797.27,149877.66,1374814644.2,9544.84,direct,
1520812800,9907.41,8796.52,9543.98,152959.8,1435404200.39,9142.15,direct,
1520899200,9486.12,8856.65,9142.27,133768.47,1228556284.3,9160.12,direct,
1520985600,9360.66,7966.94,9160.12,161775.05,1385572511.72,8217.7,direct,
1521072000,8432.12,7698.47,8216.22,187365.71,1519850464.55,8268.41,direct,
1521158400,8616.63,7924.11,8267.95,129688.11,1082790136.53,8283.23,direct,
1521244800,8360.64,7765.41,8283.23,111641.32,901939422.97,7883.45,direct,
1521331200,8299.86,7318.46,7882.67,198796.34,1535519444.95,8215.4,direct,
1521417600,8725.6,8129.66,8215.5,171829.52,1447812723.08,8623.14,direct,
1521504000,9056.23,8339.8,8623.14,131959.66,1150462439.42,8920.71,direct,
1521590400,9184.51,8778.69,8920.53,109985.22,991376396.96,8911.35,direct,
1521676800,9107.0,8500.88,8911.37,116522.98,1023286566.15,8724.98,direct,
1521763200,8935.88,8307.58,8724.98,109649.39,939997284.45,8934.8,direct,
1521849600,9036.23,8515.53,8935.51,93296.24,827663165.33,8548.06,direct,
1521936000,8690.36,8395.85,8548.39,76775.64,657643520.26,8472.84,direct,
1522022400,8521.04,7869.27,8472.56,131859.97,1079038734.78,8152.2,direct,
1522108800,8226.24,7752.3,8152.18,116523.1,930754990.52,7808.48,direct,
1522195200,8117.79,7752.6,7808.42,82590.62,657712114.92,7959.78,direct,
1522281600,7983.77,6927.11,7959.78,185805.88,1379180030.3,7106.62,direct,
1522368000,7280.27,6595.26,7106.62,229837.79,1584675343.21,6853.76,direct,
1522454400,7228.4,6806.34,6853.75,129526.48,915400590.57,6943.77,direct,
1522540800,7056.22,6463.54,6943.77,131344.01,889887684.72,6835.84,direct,
1522627200,8218.66,6792.3,6835.58,106513.22,748861435.14,7074.6,direct,
1522713600,7528.97,7039.88,7074.65,122807.02,905326798.64,7434.3,direct,
1522800000,7442.42,6727.09,7434.3,123910.33,877199782.17,6815.5,direct,
1522886400,6933.66,6602.38,6815.5,114426.84,777145174.76,6790.45,direct,
1522972800,6869.53,6526.67,6790.45,90749.16,605651287.47,6634.86,direct,
1523059200,7083.85,6624.47,6634.86,81312.77,564883141.53,6917.2,direct,
1523145600,7132.03,6911.02,6917.2,60386.23,425825572.09,7049.92,direct,
1523232000,7204.28,6633.69,7049.92,130534.03,901883664.92,6789.53,direct,
1523318400,6922.84,6676.72,6789.53,62035.53,424510977.27,6871.07,direct,
1523404800,6999.37,6839.16,6871.07,64802.3,450141340.22,6977.13,direct,
1523491200,8051.95,6791.33,6977.04,197276.82,1490759969.77,7927.73,direct,
1523577600,8237.16,7758.8,7927.73,145665.26,1171435820.59,7899.11,direct,
1523664000,8195.34,7841.19,7898.74,66678.63,537286381.88,8022.51,direct,
1523750400,8437.03,8021.04,8022.51,68822.07,570527804.56,8376.73,direct,
1523836800,8430.93,7929.24,8376.73,87681.75,713471956.84,8079.77,direct,
1523923200,8187.6,7858.12,8079.77,71933.6,580880500.84,7921.63,direct,
1524009600,8246.57,7908.92,7921.65,73050.12,593500791.64,8189.96,direct,
1524096000,8321.01,8136.42,8189.92,72820.98,602099034.89,8301.82,direct,
1524182400,8945.14,8243.49,8301.82,114730.74,979994921.45,8877.08,direct,
1524268800,9047.82,8631.18,8877.15,93635.24,829073400.66,8935.72,direct,
1524355200,9043.98,8788.44,8935.85,68212.83,610183093.43,8823.36,direct,
1524441600,9025.73,8804.2,8823.46,61895.95,553892335.42,8968.25,direct,
1524528000,9741.91,8957.68,8967.86,136352.05,1276464750.74,9655.77,direct,
1524614400,9765.23,8757.06,9657.69,192797.41,1779806222.98,8873.62,direct,
1524700800,9315.13,8669.38,8873.57,111690.32,997427934.62,9282.12,direct,
1524787200,9385.87,8923.48,9289.01,82025.4,758182407.35,8938.47,direct,
1524873600,9435.9,8892.52,8938.47,83347.1,774111704.68,9351.47,direct,
1524960000,9552.67,9189.07,9349.94,68227.03,640931911.37,9407.04,direct,
1525046400,9459.81,9133.6,9407.35,61631.36,574099218.21,9248.45,direct,
1525132800,9251.66,8851.1,9248.25,74147.8,669555436.99,9077.28,direct,
1525219200,9271.62,8993.82,9077.28,57618.44,527488395.49,9232.19,direct,
1525305600,9817.19,9172.28,9232.19,90631.98,857646889.15,9745.04,direct,
1525392000,9785.15,9547.21,9746.26,68689.75,663887678.35,9699.61,direct,
1525478400,9968.85,9687.09,9700.37,68875.75,679872376.4,9845.9,direct,
1525564800,9936.96,9441.93,9846.44,62904.49,608650204.19,9644.92,direct,
1525651200,9662.23,9202.13,9643.99,73842.44,692580062.51,9377.81,direct,
1525737600,9472.09,9063.07,9377.08,72659.12,673924125.29,9196.13,direct,
1525824000,9373.46,8987.27,9196.13,67939.11,625495066.08,9321.16,direct,
1525910400,9393.95,9017.13,9321.52,67915.99,629850604.12,9032.22,direct,
1525996800,9032.27,8363.5,9032.22,134727.27,1176888629.2,8421.0,direct,
1526083200,8653.8,8225.97,8420.82,92805.87,783972252.35,8486.67,direct,
1526169600,8773.96,8350.91,8488.07,61066.94,525395861.86,8709.46,direct,
1526256000,8883.0,8312.72,8709.46,101370.46,874543293.99,8672.9,direct,
1526342400,8848.69,8441.25,8672.88,84517.8,730739738.9,8480.16,direct,
1526428800,8501.65,8119.17,8480.16,95203.5,789660713.22,8344.78,direct,
1526515200,8476.45,8015.77,8342.69,74445.77,615539512.71,8071.04,direct,
1526601600,8280.45,7940.35,8071.04,68665.67,558167598.76,8247.91,direct,
1526688000,8397.27,8160.8,8247.91,45978.21,381458405.45,8249.24,direct,
1526774400,8591.45,8181.46,8249.24,49694.23,418898289.02,8533.0,direct,
1526860800,8585.85,8347.88,8533.22,54602.79,463653636.91,8419.65,direct,
1526947200,8428.6,7962.43,8419.67,66032.52,543342369.36,7992.75,direct,
1527033600,8031.63,7460.66,7992.75,120597.47,934151146.29,7505.77,direct,
1527120000,7729.48,7283.77,7505.77,109709.83,826278113.25,7584.74,direct,
1527206400,7652.37,7347.96,7584.78,84630.56,634474356.99,7475.36,direct,
1527292800,7626.69,7314.71,7475.36,48994.09,368322782.27,7355.06,direct,
1527379200,7420.07,7256.67,7355.06,46446.45,341348321.23,7362.23,direct,
1527465600,7455.55,7092.91,7362.23,72505.5,526854342.95,7118.88,direct,
1527552000,7533.03,7069.01,7118.88,86536.7,634849312.09,7474.75,direct,
1527638400,7571.08,7295.78,7474.75,67797.62,505870974.98,7393.02,direct,
1527724800,7608.87,7349.52,7393.02,60780.47,458223966.12,7502.15,direct,
1527811200,7614.66,7370.27,7501.74,61082.25,458687659.47,7530.55,direct,
1527897600,7697.34,7467.79,7530.55,47435.99,362414878.61,7643.26,direct,
1527984000,7774.96,7606.76,7643.26,42988.84,332313005.46,7719.75,direct,
1528070400,7760.73,7469.21,7719.73,56223.86,427448262.3,7503.2,direct,
1528156800,7672.7,7394.97,7503.32,58424.84,440337235.4,7629.4,direct,
1528243200,7701.35,7504.98,7629.4,51911.42,396116252.65,7661.79,direct,
1528329600,7755.92,7651.13,7661.79,44318.41,342475552.09,7700.11,direct,
1528416000,7709.61,7559.5,7700.4,40500.95,310119047.41,7627.52,direct,
1528502400,7691.74,7495.72,7627.56,28511.04,218013881.09,7513.69,direct,
1528588800,7514.04,6661.98,7513.76,127797.43,895514425.38,6773.72,direct,
1528675200,6913.85,6652.89,6773.72,71169.64,482788065.15,6887.37,direct,
1528761600,6888.33,6462.61,6887.43,75997.29,509372466.34,6556.94,direct,
1528848000,6623.0,6140.63,6556.94,124304.17,797087281.14,6310.43,direct,
1528934400,6719.44,6286.23,6310.43,95038.67,620296377.11,6643.26,direct,
1529020800,6667.23,6380.69,6643.63,57731.42,379228601.07,6396.71,direct,
1529107200,6569.15,6345.99,6396.71,35851.38,232802782.59,6503.1,direct,
1529193600,6585.77,6446.38,6503.1,34359.95,224575526.46,6457.78,direct,
1529280000,6802.03,6401.41,6457.78,65285.57,430241689.13,6714.82,direct,
1529366400,6839.6,6672.2,6714.56,54949.84,370797057.99,6741.28,direct,
1529452800,6817.9,6569.96,6741.28,59674.47,400530201.24,6761.27,direct,
1529539200,6790.08,6687.66,6761.27,43765.89,295690715.67,6720.64,direct,
1529625600,6731.51,5941.32,6720.64,137346.53,862826624.25,6051.47,direct,
1529712000,6257.88,6033.2,6051.47,57011.61,350697378.49,6166.54,direct,
1529798400,6254.02,5782.13,6166.36,110833.06,667479078.32,6157.78,direct,
1529884800,6344.45,6095.25,6157.78,79086.4,492834172.99,6260.35,direct,
1529971200,6286.36,6067.49,6260.4,62925.3,391396653.43,6088.39,direct,
1530057600,6192.11,6021.69,6092.26,62639.82,383457137.86,6141.57,direct,
1530144000,6172.23,5844.26,6141.57,63585.51,385907044.98,5871.28,direct,
1530230400,6286.67,5813.02,5870.81,92884.98,554799001.51,6203.8,direct,
1530316800,6503.33,6194.51,6203.81,65571.19,419284677.69,6385.38,direct,
1530403200,6429.5,6262.72,6385.43,40809.54,259708490.63,6339.04,direct,
1530489600,6673.71,5537.86,6342.69,73069.19,465915661.24,6615.66,direct,
1530576000,6670.3,6473.48,6616.6,54662.02,356390898.98,6509.58,direct,
1530662400,6777.97,6411.13,6508.43,62355.75,412202352.61,6590.06,direct,
1530748800,6691.32,6448.23,6589.77,63771.67,421189063.01,6534.81,direct,
1530835200,6633.44,6458.14,6534.81,47259.68,310759733.14,6602.02,direct,
1530921600,6814.42,6518.23,6602.03,41785.1,277167900.06,6758.08,direct,
1531008000,6782.85,6684.15,6758.08,39671.12,268455446.1,6707.38,direct,
1531094400,6803.1,6625.58,6707.46,48761.43,328316145.78,6668.84,direct,
1531180800,6683.61,6277.23,6668.84,72513.31,470432142.71,6306.85,direct,
1531267200,6405.59,6293.68,6306.87,51054.67,327667754.35,6394.36,direct,
1531353600,6394.93,6084.0,6394.36,65555.38,409078182.65,6253.6,direct,
1531440000,6349.21,6131.54,6253.66,50964.41,319802271.97,6229.83,direct,
1531526400,6332.46,6190.18,6229.61,27713.18,174416786.37,6268.75,direct,
1531612800,6401.5,6245.75,6268.32,34225.9,218543291.78,6364.26,direct,
1531699200,6761.84,6349.83,6364.26,74798.53,494264915.91,6740.55,direct,
1531785600,7476.24,6677.56,6740.54,112707.21,799401451.35,7326.7,direct,
1531872000,7590.65,7253.71,7326.76,105818.71,788460811.94,7383.39,direct,
1531958400,7563.7,7289.9,7383.39,70179.39,522544440.45,7477.5,direct,
1532044800,7676.55,7279.34,7477.1,80874.93,603034414.79,7333.93,direct,
1532131200,7453.07,7220.37,7333.93,40295.77,297440355.21,7405.4,direct,
1532217600,7569.28,7345.25,7405.4,47479.76,355565264.85,7398.64,direct,
1532304000,7798.59,7376.66,7398.64,96722.04,745533303.01,7718.0,direct,
1532390400,8485.71,7692.16,7718.0,143800.43,1166560702.13,8395.82,direct,
1532476800,8481.11,8061.07,8395.81,89988.19,736530740.43,8170.23,direct,
1532563200,8302.24,7862.67,8170.37,78993.93,643953970.45,7937.25,direct,
1532649600,8278.01,7806.25,7937.1,80336.48,646256012.09,8182.89,direct,
1532736000,8238.04,8070.04,8182.88,36136.12,295872316.42,8230.87,direct,
1532822400,8291.55,8123.53,8230.82,34073.43,280233415.98,8216.78,direct,
1532908800,8273.61,7867.44,8216.7,83918.76,681120739.99,8176.06,direct,
1532995200,8176.27,7663.7,8176.08,97152.13,765186307.24,7735.3,direct,
1533081600,7760.74,7449.31,7736.25,78466.58,595404848.88,7610.9,direct,
1533168000,7713.32,7470.86,7610.9,55711.79,424093581.76,7542.34,direct,
1533254400,7542.49,7296.76,7542.34,79126.57,586982505.83,7417.6,direct,
1533340800,7490.89,6940.15,7417.6,74300.44,534002935.97,7017.89,direct,
1533427200,7092.53,6898.31,7017.89,52556.01,368914046.39,7042.39,direct,
1533513600,7160.4,6854.79,7042.57,58545.04,410408444.75,6945.78,direct,
1533600000,7150.86,6685.02,6945.77,82683.83,575690006.27,6723.21,direct,
1533686400,6723.99,6133.03,6723.29,130417.52,838853615.89,6285.02,direct,
1533772800,6631.23,6195.02,6285.06,89588.13,575748446.38,6543.24,direct,
1533859200,6582.14,6025.91,6543.25,100856.92,639457019.98,6153.41,direct,
1533945600,6488.55,6014.26,6152.95,87651.14,545722619.11,6242.54,direct,
1534032000,6483.39,6176.89,6242.53,57916.23,366460108.69,6322.92,direct,
1534118400,6545.02,6157.03,6322.41,71073.56,452431672.68,6263.2,direct,
1534204800,6266.5,5891.87,6263.2,125196.64,759847789.73,6199.6,direct,
1534291200,6620.07,6193.63,6199.63,132926.33,852103141.83,6274.22,direct,
1534377600,6478.07,6217.33,6274.22,71357.92,454679037.36,6323.81,direct,
1534464000,6594.72,6300.45,6323.81,73383.05,477089455.56,6591.16,direct,
1534550400,6622.16,6322.44,6591.18,52093.8,336744293.81,6405.71,direct,
1534636800,6560.88,6330.56,6405.74,39452.94,253984821.8,6502.18,direct,
1534723200,6537.54,6248.39,6502.24,61983.28,397981291.82,6269.9,direct,
1534809600,6506.69,6259.81,6270.09,61753.86,396746063.37,6491.11,direct,
1534896000,6890.79,6264.34,6491.09,116096.61,764005011.18,6366.13,direct,
1534982400,6575.28,6356.96,6366.14,52740.3,340811486.77,6538.95,direct,
1535068800,6736.83,6481.76,6539.13,58037.12,382456858.97,6708.96,direct,
1535155200,6808.89,6684.19,6708.94,38189.09,258296664.16,6749.56,direct,
1535241600,6793.17,6588.48,6749.71,39682.91,265820591.17,6720.6,direct,
1535328000,6944.21,6674.84,6720.6,59984.28,405769271.5,6915.73,direct,
1535414400,7136.71,6877.2,6915.92,69448.01,487789642.0,7091.38,direct,
1535500800,7137.47,6944.76,7091.38,50361.95,356139022.3,7052.0,direct,
1535587200,7072.64,6818.69,7051.61,61266.88,425475685.56,6998.76,direct,
1535673600,7096.73,6903.08,6998.76,49774.38,349131152.81,7026.96,direct,
1535760000,7272.03,7025.58,7026.96,41873.76,300301833.39,7203.46,direct,
1535846400,7384.38,7144.71,7203.46,61424.38,447453370.83,7301.26,direct,
1535932800,7350.58,7204.89,7301.25,42451.23,309327793.27,7270.05,direct,
1536019200,7417.65,7246.76,7270.05,46681.9,343762001.58,7369.86,direct,
1536105600,7401.43,6694.06,7369.89,113370.51,797851163.66,6705.03,direct,
1536192000,6727.19,6295.11,6705.06,127586.04,823309044.3,6515.42,direct,
1536278400,6549.39,6345.48,6515.42,53170.79,344487244.01,6411.78,direct,
1536364800,6480.57,6134.76,6413.12,49719.12,317380272.09,6200.16,direct,
1536451200,6451.25,6161.83,6200.23,38701.0,244400344.41,6249.07,direct,
1536537600,6371.42,6247.64,6249.07,50695.88,320435279.61,6324.43,direct,
1536624000,6415.51,6199.19,6324.43,51401.22,324512939.85,6295.54,direct,
1536710400,6357.89,6208.28,6295.54,52814.83,332537236.17,6337.11,direct,
1536796800,6534.89,6337.08,6337.08,65684.53,425090869.76,6492.0,direct,
1536883200,6591.59,6393.84,6492.17,58029.07,377989402.01,6486.01,direct,
1536969600,6573.19,6473.47,6485.39,31894.67,208349557.0,6522.08,direct,
1537056000,6525.05,6404.31,6522.68,30897.54,200545603.1,6502.44,direct,
1537142400,6538.82,6216.83,6502.44,62738.57,399675966.34,6261.48,direct,
1537228800,6393.39,6238.25,6261.33,55076.95,348485895.37,6346.44,direct,
1537315200,6522.9,6131.02,6346.44,71293.01,452379323.08,6398.8,direct,
1537401600,6551.93,6361.33,6398.83,46802.06,301619960.91,6505.9,direct,
1537488000,6785.22,6501.01,6505.97,85295.46,569642976.25,6762.06,direct,
1537574400,6834.49,6633.01,6762.07,38829.87,261159308.22,6716.6,direct,
1537660800,6768.56,6663.9,6716.6,25143.83,169080003.37,6702.7,direct,
1537747200,6717.6,6557.82,6702.73,48934.13,324660682.66,6583.53,direct,
1537833600,6583.54,6333.21,6583.53,65381.85,420279170.44,6437.74,direct,
1537920000,6543.92,6383.16,6437.74,40752.6,264402806.65,6462.6,direct,
1538006400,6733.94,6434.76,6462.6,52542.0,345096700.08,6686.13,direct,
1538092800,6806.1,6545.41,6686.13,74353.41,497340510.07,6635.38,direct,
1538179200,6635.42,6474.23,6635.4,37296.34,245055396.51,6603.75,direct,
1538265600,6741.96,6543.68,6603.75,26335.14,174302164.09,6623.71,direct,
1538352000,6662.6,6510.54,6623.82,38926.98,256959931.63,6594.98,direct,
1538438400,6618.95,6478.04,6594.98,40624.2,267166277.79,6525.47,direct,
1538524800,6537.07,6428.98,6525.46,47186.0,306385346.59,6492.26,direct,
1538611200,6622.32,6486.86,6492.61,42142.96,277614018.45,6579.79,direct,
1538697600,6683.55,6546.98,6580.0,39731.28,262562344.98,6632.87,direct,
1538784000,6637.08,6563.25,6632.88,24787.61,162722103.98,6589.94,direct,
1538870400,6622.49,6535.02,6589.94,27272.67,179378859.39,6601.15,direct,
1538956800,6698.31,6565.01,6601.46,47216.82,313507433.75,6650.07,direct,
1539043200,6657.0,6589.39,6650.07,32204.25,213976678.23,6631.79,direct,
1539129600,6633.22,6487.86,6631.79,49264.39,323664963.18,6581.07,direct,
1539216000,6581.59,6171.95,6581.07,104258.49,654924117.8,6209.47,direct,
1539302400,6296.56,6173.86,6209.47,46195.91,289840137.45,6250.85,direct,
1539388800,6280.73,6238.92,6252.1,21914.85,137705035.59,6267.27,direct,
1539475200,6346.56,6247.17,6267.27,34130.1,215422888.18,6277.73,direct,
1539561600,7234.83,6244.77,6277.73,177320.05,1190524168.21,6612.36,direct,
1539648000,6724.91,6545.54,6612.69,49191.34,324232509.78,6583.05,direct,
1539734400,6589.2,6511.6,6583.05,33538.55,220418636.64,6574.52,direct,
1539820800,6616.27,6445.05,6576.4,50725.31,331761115.45,6488.72,direct,
1539907200,6503.09,6449.36,6489.37,36599.64,237855085.41,6469.28,direct,
1539993600,6645.2,6395.45,6469.28,19543.75,127185847.78,6490.56,direct,
1540080000,6557.39,6474.47,6490.6,16019.49,105283929.06,6509.87,direct,
1540166400,6531.23,6460.38,6509.87,31239.03,202766914.4,6483.23,direct,
1540252800,6496.2,6438.99,6484.32,34071.62,220913293.6,6470.22,direct,
1540339200,6538.35,6465.73,6470.63,34111.66,222068131.83,6476.25,direct,
1540425600,6497.9,6432.3,6476.52,35706.92,231214963.95,6462.77,direct,
1540512000,6514.0,6441.81,6462.77,33284.54,215447656.36,6457.21,direct,
1540598400,6479.0,6445.95,6457.21,19092.86,124066466.34,6470.17,direct,
1540684800,6483.24,6444.74,6470.17,16806.73,109118160.99,6470.74,direct,
1540771200,6483.39,6282.58,6470.74,53760.53,342463526.52,6313.91,direct,
1540857600,6340.68,6286.3,6314.38,42701.22,269592154.08,6309.11,direct,
1540944000,6391.25,6241.49,6309.11,38823.41,245357244.49,6342.61,direct,
1541030400,6402.59,6322.6,6342.81,31397.71,199861220.45,6381.3,direct,
1541116800,6420.93,6371.57,6381.3,27987.6,179385606.7,6394.66,direct,
1541203200,6398.09,6336.96,6394.65,28808.38,183565304.27,6376.32,direct,
1541289600,6498.16,6351.92,6376.55,27317.02,175805188.92,6467.05,direct,
1541376000,6475.8,6406.69,6467.05,24142.0,155758902.3,6433.74,direct,
1541462400,6482.81,6412.56,6433.53,37162.36,239808254.25,6479.72,direct,
1541548800,6562.79,6476.59,6479.72,55100.44,360052788.55,6529.68,direct,
1541635200,6542.42,6438.27,6530.94,42073.45,273205386.68,6446.06,direct,
1541721600,6457.97,6352.45,6446.06,37086.04,237893036.71,6377.99,direct,
1541808000,6419.92,6376.17,6377.99,14658.42,94313328.59,6396.37,direct,
1541894400,6414.18,6326.38,6396.39,20337.03,130156001.58,6408.18,direct,
1541980800,6435.41,6350.87,6408.18,28338.62,181575610.86,6375.08,direct,
1542067200,6389.43,6315.58,6375.08,35761.27,227689745.72,6339.17,direct,
1542153600,6375.7,5469.93,6339.17,178422.8,1045469380.16,5741.47,direct,
1542240000,5767.06,5300.75,5740.51,147895.07,820864013.96,5647.5,direct,
1542326400,5676.54,5487.87,5647.5,71050.83,397196182.83,5586.27,direct,
1542412800,5602.01,5524.7,5586.97,29517.8,164182152.19,5568.94,direct,
1542499200,5701.35,5567.95,5567.95,41702.04,233409182.46,5615.26,direct,
1542585600,5615.98,4757.01,5615.26,207964.38,1072037780.45,4809.62,direct,
1542672000,4953.56,4168.25,4809.62,315023.21,1433400842.16,4441.81,direct,
1542758400,4689.55,4315.58,4441.81,152286.19,686284917.84,4593.04,direct,
1542844800,4640.72,4297.21,4593.04,83715.43,376852837.57,4320.68,direct,
1542931200,4419.48,4157.19,4320.68,121719.16,521825987.75,4343.42,direct,
1543017600,4432.0,3741.2,4343.42,123090.79,503028289.39,3854.11,direct,
1543104000,4165.93,3550.04,3854.11,213926.98,819869496.19,4004.15,direct,
1543190400,4124.7,3598.81,4004.46,185985.76,715341714.72,3784.59,direct,
1543276800,3878.9,3613.11,3784.77,147999.31,555212127.53,3822.99,direct,
1543363200,4398.57,3822.94,3822.99,175435.76,726808596.57,4263.55,direct,
1543449600,4444.39,4130.68,4263.52,112103.36,479575430.64,4286.69,direct,
1543536000,4331.07,3916.3,4286.85,121993.57,497762735.43,4009.67,direct,
1543622400,4309.65,3942.62,4009.67,67774.58,280927570.31,4197.46,direct,
1543708800,4318.79,4077.67,4197.7,62748.83,262154694.41,4143.86,direct,
1543795200,4159.01,3795.18,4143.86,107400.61,423985399.83,3871.41,direct,
1543881600,4082.68,3770.92,3871.41,94655.27,373361232.89,3948.44,direct,
1543968000,3961.8,3719.19,3948.44,83811.55,320944415.67,3737.53,direct,
1544054400,3883.43,3467.92,3737.53,159523.77,590923562.42,3485.18,direct,
1544140800,3576.11,3248.0,3485.18,206088.47,699930576.16,3420.57,direct,
1544227200,3602.49,3295.21,3420.57,104091.14,357548590.53,3461.07,direct,
1544313600,3718.58,3436.5,3461.07,83347.79,295321498.63,3592.84,direct,
1544400000,3645.49,3416.77,3592.84,81855.33,287119758.11,3467.16,direct,
1544486400,3483.58,3348.98,3467.16,67519.71,230671778.42,3401.02,direct,
1544572800,3545.37,3380.48,3401.02,74415.95,257293632.74,3485.59,direct,
1544659200,3493.76,3272.81,3485.59,84592.04,286236674.73,3305.11,direct,
1544745600,3333.24,3180.97,3305.11,89133.43,290985461.02,3235.48,direct,
1544832000,3271.76,3169.53,3235.48,51317.37,165378769.6,3232.51,direct,
1544918400,3319.83,3227.4,3232.51,45102.51,148182655.41,3255.37,direct,
1545004800,3639.65,3239.06,3255.37,119831.24,412454521.38,3548.19,direct,
1545091200,3727.99,3481.46,3548.19,91609.53,327807644.75,3715.85,direct,
1545177600,3969.7,3693.57,3715.85,163016.15,620695447.39,3736.54,direct,
1545264000,4225.52,3712.82,3736.54,180025.9,724855205.51,4137.66,direct,
1545350400,4247.71,3831.2,4137.66,128508.13,516656937.13,3898.81,direct,
1545436800,4060.34,3849.23,3898.81,63672.55,250085915.72,4045.24,direct,
1545523200,4117.65,3972.39,4045.24,58294.45,235997621.23,4007.63,direct,
1545609600,4303.37,4006.6,4007.63,109869.44,459290147.24,4081.95,direct,
1545696000,4094.61,3734.85,4081.95,95683.55,367200910.64,3834.73,direct,
1545782400,3923.93,3746.86,3834.73,68965.06,263439573.84,3848.78,direct,
1545868800,3888.92,3622.39,3848.78,81652.77,305729129.14,3646.09,direct,
1545955200,4007.71,3628.43,3646.09,92882.41,353705007.17,3947.86,direct,
1546041600,4004.14,3774.38,3947.86,54702.16,214891355.42,3797.06,direct,
1546128000,3925.18,3760.8,3797.06,49797.04,191958416.81,3896.21,direct,
1546214400,3904.28,3701.48,3896.21,54221.49,206190463.74,3747.39,direct,
1546300800,3938.75,3696.94,3747.39,45104.29,170598307.96,3880.15,direct,
1546387200,3989.59,3826.29,3880.15,54034.73,210854603.84,3961.01,direct,
1546473600,3965.52,3778.76,3961.01,45585.19,176488072.06,3835.86,direct,
1546560000,3901.65,3783.88,3835.86,44398.9,170507611.15,3874.06,direct,
1546646400,3926.92,3841.13,3874.06,35766.65,139438510.18,3855.39,direct,
1546732800,4145.16,3829.09,3855.39,58878.99,236298043.75,4102.85,direct,
1546819200,4132.62,4001.35,4102.85,51541.23,209289368.14,4050.4,direct,
1546905600,4156.16,3990.34,4050.4,65973.5,268091045.44,4040.75,direct,
1546992000,4092.91,4013.0,4040.75,55130.13,223639028.92,4048.34,direct,
1547078400,4085.09,3631.07,4048.34,108277.01,412522198.13,3668.15,direct,
1547164800,3729.69,3616.41,3668.15,63070.18,231465488.1,3669.2,direct,
1547251200,3692.12,3611.2,3669.2,28343.28,103912541.38,3664.38,direct,
1547337600,3675.2,3528.24,3664.38,45682.73,164125048.97,3551.24,direct,
1547424000,3748.88,3544.53,3551.24,56099.99,204793029.92,3703.9,direct,
1547510400,3724.3,3590.49,3703.9,54154.65,198582447.53,3621.24,direct,
1547596800,3704.37,3611.38,3621.24,53843.55,196211595.54,3643.99,direct,
1547683200,3695.28,3586.92,3643.99,46181.32,168287506.1,3685.3,direct,
1547769600,3685.39,3620.44,3685.3,32418.99,118317804.97,3648.05,direct,
1547856000,3799.62,3643.01,3648.05,38341.35,143238228.4,3729.78,direct,
1547942400,3754.65,3529.25,3729.78,49198.37,177628515.93,3567.73,direct,
1548028800,3599.83,3535.19,3567.73,36101.4,129000924.6,3571.92,direct,
1548115200,3635.69,3473.77,3571.92,53586.91,191355241.84,3602.04,direct,
1548201600,3631.15,3543.96,3602.04,37910.4,135864247.56,3572.05,direct,
1548288000,3616.33,3546.5,3572.05,31630.57,113155246.95,3598.52,direct,
1548374400,3607.43,3539.41,3598.52,32679.69,116674680.78,3582.89,direct,
1548460800,3676.4,3578.62,3582.89,29201.1,105927045.55,3596.5,direct,
1548547200,3605.99,3511.29,3596.5,26261.48,93766117.67,3565.08,direct,
1548633600,3567.56,3402.56,3565.08,59700.11,206309738.62,3453.42,direct,
1548720000,3463.2,3369.19,3453.42,46304.1,158106687.0,3418.25,direct,
1548806400,3488.91,3395.94,3418.25,42399.63,146422486.1,3467.21,direct,
1548892800,3499.78,3422.83,3467.21,37365.7,128773893.15,3434.13,direct,
1548979200,3478.55,3398.96,3434.13,41976.43,144476056.44,3461.63,direct,
1549065600,3519.14,3441.21,3461.63,27103.48,94144187.11,3508.68,direct,
1549152000,3514.43,3424.42,3508.68,23044.88,79591219.11,3449.62,direct,
1549238400,3470.8,3429.21,3449.62,23959.61,82280894.52,3431.24,direct,
1549324800,3447.88,3415.67,3431.24,24459.49,84042727.18,3447.66,direct,
1549411200,3459.33,3362.24,3447.66,44281.79,150408587.85,3394.89,direct,
1549497600,3406.54,3369.1,3394.89,28811.35,97390901.92,3375.33,direct,
1549584000,3735.1,3363.32,3375.33,89444.22,317023029.42,3660.03,direct,
1549670400,3673.71,3616.11,3660.03,25880.75,94200588.34,3652.26,direct,
1549756800,3689.32,3611.46,3652.26,30046.26,109365095.98,3685.14,direct,
1549843200,3688.59,3608.18,3685.14,40461.58,146354074.39,3611.34,direct,
1549929600,3648.67,3574.22,3611.34,45717.05,164816438.53,3617.41,direct,
1550016000,3655.89,3590.01,3617.41,40664.15,146822348.57,3605.87,direct,
1550102400,3619.7,3567.39,3605.87,32779.35,117804856.32,3588.72,direct,
1550188800,3640.65,3575.95,3588.72,36251.38,130398989.33,3593.49,direct,
1550275200,3639.75,3592.04,3593.49,24003.59,86973822.79,3617.24,direct,
1550361600,3706.17,3608.18,3617.24,36849.32,134218331.16,3670.92,direct,
1550448000,3952.44,3661.42,3670.92,98728.99,376203280.43,3912.57,direct,
1550534400,4010.91,3882.52,3912.57,74127.62,292137057.43,3924.24,direct,
1550620800,3992.31,3898.91,3924.24,53048.95,209282292.49,3974.05,direct,
1550707200,4026.54,3900.28,3974.05,47433.87,187314178.85,3937.04,direct,
1550793600,3996.15,3917.66,3937.04,43006.55,170405341.81,3983.53,direct,
1550880000,4192.39,3948.48,3983.53,57002.5,231174632.28,4149.09,direct,
1550966400,4221.62,3755.38,4149.09,80391.72,319071544.94,3771.62,direct,
1551052800,3885.06,3771.53,3771.62,48406.42,185036583.31,3845.51,direct,
1551139200,3852.66,3791.9,3845.51,33253.08,126868886.89,3817.88,direct,
1551225600,3851.84,3699.53,3817.88,46011.1,175069054.72,3830.72,direct,
1551312000,3909.86,3798.0,3830.72,44353.45,170646670.66,3823.37,direct,
1551398400,3866.12,3822.67,3823.37,26522.34,101774924.71,3831.48,direct,
1551484800,3846.38,3790.74,3831.48,19283.71,73894412.97,3842.94,direct,
1551571200,3853.28,3788.04,3842.94,16769.86,64065044.79,3812.31,direct,
1551657600,3831.01,3705.14,3812.31,39278.22,147245676.28,3731.28,direct,
1551744000,3893.52,3720.49,3731.28,43262.3,165062256.27,3874.18,direct,
1551830400,3916.29,3839.39,3874.18,33536.95,129520549.49,3874.98,direct,
1551916800,3911.76,3853.2,3874.98,37619.38,146201726.67,3882.61,direct,
1552003200,3932.02,3804.98,3882.61,39428.25,153405087.61,3868.02,direct,
1552089600,3975.25,3860.66,3868.02,27600.01,108370246.04,3947.74,direct,
1552176000,3948.21,3897.82,3947.74,17404.16,68252920.53,3929.84,direct,
1552262400,3941.99,3849.45,3929.84,32708.55,126998648.6,3874.89,direct,
1552348800,3904.7,3827.23,3874.89,33655.37,130291591.54,3888.57,direct,
1552435200,3898.25,3853.06,3888.57,27922.69,108286926.77,3878.44,direct,
1552521600,3922.21,3825.03,3878.44,34554.38,133931876.12,3881.44,direct,
1552608000,3935.1,3876.17,3881.44,32133.02,125588541.02,3927.08,direct,
1552694400,4069.11,3924.98,3927.08,41319.81,166216280.52,4027.01,direct,
1552780800,4030.38,3970.97,4027.01,17033.6,68146133.16,3998.0,direct,
1552867200,4038.99,3964.31,3998.0,27416.92,109428478.54,3988.85,direct,
1552953600,4032.04,3972.47,3988.85,29686.2,118919147.36,4024.14,direct,
1553040000,4064.95,3995.49,4024.14,36862.09,148490744.9,4056.75,direct,
1553126400,4082.29,3953.53,4056.75,44251.52,178077036.22,3996.93,direct,
1553212800,4018.21,3984.0,3996.93,22671.75,90726555.79,4000.84,direct,
1553299200,4019.36,3982.47,4000.84,18486.22,74094017.72,4007.21,direct,
1553385600,4010.3,3970.35,4007.21,16111.98,64375076.75,3994.11,direct,
1553472000,4005.29,3887.68,3994.11,34191.84,136398998.18,3924.55,direct,
1553558400,3943.2,3902.52,3924.55,23873.14,93805733.55,3942.22,direct,
1553644800,4054.32,3932.79,3942.22,37132.4,149005782.26,4045.98,direct,
1553731200,4046.44,4014.69,4045.98,25343.13,102296341.19,4036.45,direct,
1553817600,4122.89,4031.22,4036.45,41843.31,170915132.77,4111.38,direct,
1553904000,4146.88,4066.87,4111.38,24906.26,102400533.82,4118.13,direct,
1553990400,4129.43,4098.79,4118.13,13792.73,56727425.19,4112.69,direct,
1554076800,4164.33,4082.2,4112.69,36921.55,152826759.02,4151.32,direct,
